x1,x2,peak,cosineSim
0,0,16,1.0
1,1,14,0.866025403784439
2,2,13,0.7071067811865479
3,3,11,0.258819045102521
4,4,7,-0.707106781186547
5,5,5,-0.9659258262890681
6,6,3,-0.9659258262890684
7,7,2,-0.8660254037844388
8,8,0,-0.5000000000000004
9,9,23,-0.25881904510252135
10,10,21,0.25881904510252046
11,11,19,0.7071067811865475
12,12,18,0.8660254037844385
13,13,17,0.9659258262890684
14,14,15,0.9659258262890684
15,15,14,0.866025403784439
16,16,13,0.7071067811865479
17,17,11,0.258819045102521
18,18,10,6.106226635438361e-16
19,19,6,-0.8660254037844383
20,20,4,-1.0
21,21,3,-0.9659258262890684
22,22,1,-0.7071067811865479
23,23,0,-0.5000000000000004
24,24,23,-0.25881904510252135
25,25,21,0.25881904510252046
26,26,20,0.4999999999999994
27,27,19,0.7071067811865475
28,28,18,0.8660254037844385
29,29,17,0.9659258262890684
30,30,16,1.0
31,31,15,0.9659258262890684
32,32,14,0.866025403784439
33,33,13,0.7071067811865479
34,34,12,0.5000000000000008
35,35,11,0.258819045102521
36,36,8,-0.4999999999999997
37,37,5,-0.9659258262890681
38,38,4,-1.0
39,39,2,-0.8660254037844388
40,40,1,-0.7071067811865479
41,41,0,-0.5000000000000004
42,42,22,0.0
43,43,21,0.25881904510252046
44,44,19,0.7071067811865475
45,45,18,0.8660254037844385
46,46,17,0.9659258262890684
47,47,15,0.9659258262890684
48,48,14,0.866025403784439
49,49,13,0.7071067811865479
50,50,12,0.5000000000000008
51,51,10,6.106226635438361e-16
52,52,8,-0.4999999999999997
53,53,5,-0.9659258262890681
54,54,4,-1.0
55,55,3,-0.9659258262890684
56,56,1,-0.7071067811865479
57,57,0,-0.5000000000000004
58,58,23,-0.25881904510252135
59,59,21,0.25881904510252046
60,60,19,0.7071067811865475
61,61,18,0.8660254037844385
62,62,16,1.0
63,63,15,0.9659258262890684
64,64,13,0.7071067811865479
65,65,13,0.7071067811865479
66,66,11,0.258819045102521
67,67,7,-0.707106781186547
68,68,5,-0.9659258262890681
69,69,3,-0.9659258262890684
70,70,1,-0.7071067811865479
71,71,0,-0.5000000000000004
72,72,22,0.0
73,73,21,0.25881904510252046
74,74,19,0.7071067811865475
75,75,17,0.9659258262890684
76,76,16,1.0
77,77,15,0.9659258262890684
78,78,13,0.7071067811865479
79,79,12,0.5000000000000008
80,80,11,0.258819045102521
81,81,7,-0.707106781186547
82,82,5,-0.9659258262890681
83,83,3,-0.9659258262890684
84,84,2,-0.8660254037844388
85,85,1,-0.7071067811865479
86,86,23,-0.25881904510252135
87,87,22,0.0
88,88,20,0.4999999999999994
89,89,19,0.7071067811865475
90,90,18,0.8660254037844385
91,91,17,0.9659258262890684
92,92,16,1.0
93,93,16,1.0
94,94,15,0.9659258262890684
95,95,14,0.866025403784439
96,96,13,0.7071067811865479
97,97,11,0.258819045102521
98,98,10,6.106226635438361e-16
99,99,8,-0.4999999999999997
100,100,6,-0.8660254037844383
101,101,4,-1.0
102,102,3,-0.9659258262890684
103,103,2,-0.8660254037844388
104,104,0,-0.5000000000000004
105,105,23,-0.25881904510252135
106,106,22,0.0
107,107,21,0.25881904510252046
108,108,20,0.4999999999999994
109,109,18,0.8660254037844385
110,110,17,0.9659258262890684
111,111,16,1.0
112,112,15,0.9659258262890684
113,113,14,0.866025403784439
114,114,13,0.7071067811865479
115,115,12,0.5000000000000008
116,116,8,-0.4999999999999997
117,117,7,-0.707106781186547
118,118,5,-0.9659258262890681
119,119,3,-0.9659258262890684
120,120,2,-0.8660254037844388
121,121,1,-0.7071067811865479
122,122,0,-0.5000000000000004
123,123,23,-0.25881904510252135
124,124,21,0.25881904510252046
125,125,20,0.4999999999999994
126,126,19,0.7071067811865475
127,127,18,0.8660254037844385
128,128,16,1.0
129,129,15,0.9659258262890684
130,130,14,0.866025403784439
131,131,13,0.7071067811865479
132,132,12,0.5000000000000008
133,133,11,0.258819045102521
134,134,6,-0.8660254037844383
135,135,5,-0.9659258262890681
136,136,3,-0.9659258262890684
137,137,2,-0.8660254037844388
138,138,1,-0.7071067811865479
139,139,0,-0.5000000000000004
140,140,22,0.0
141,141,21,0.25881904510252046
142,142,20,0.4999999999999994
143,143,19,0.7071067811865475
144,144,17,0.9659258262890684
145,145,16,1.0
146,146,15,0.9659258262890684
147,147,14,0.866025403784439
148,148,12,0.5000000000000008
149,149,11,0.258819045102521
150,150,8,-0.4999999999999997
151,151,6,-0.8660254037844383
152,152,4,-1.0
153,153,3,-0.9659258262890684
154,154,2,-0.8660254037844388
155,155,0,-0.5000000000000004
156,156,23,-0.25881904510252135
157,157,22,0.0
158,158,20,0.4999999999999994
159,159,19,0.7071067811865475
160,160,17,0.9659258262890684
161,161,16,1.0
162,162,15,0.9659258262890684
163,163,14,0.866025403784439
164,164,13,0.7071067811865479
165,165,11,0.258819045102521
166,166,9,-0.2588190451025203
167,167,6,-0.8660254037844383
168,168,4,-1.0
169,169,3,-0.9659258262890684
170,170,1,-0.7071067811865479
171,171,23,-0.25881904510252135
172,172,21,0.25881904510252046
173,173,20,0.4999999999999994
174,174,18,0.8660254037844385
175,175,17,0.9659258262890684
176,176,15,0.9659258262890684
177,177,14,0.866025403784439
178,178,13,0.7071067811865479
179,179,11,0.258819045102521
180,180,8,-0.4999999999999997
181,181,5,-0.9659258262890681
182,182,3,-0.9659258262890684
183,183,2,-0.8660254037844388
184,184,1,-0.7071067811865479
185,185,23,-0.25881904510252135
186,186,21,0.25881904510252046
187,187,20,0.4999999999999994
188,188,18,0.8660254037844385
189,189,17,0.9659258262890684
190,190,16,1.0
191,191,14,0.866025403784439
192,192,14,0.866025403784439
193,193,12,0.5000000000000008
194,194,9,-0.2588190451025203
195,195,6,-0.8660254037844383
196,196,4,-1.0
197,197,3,-0.9659258262890684
198,198,1,-0.7071067811865479
199,199,0,-0.5000000000000004
200,200,22,0.0
201,201,21,0.25881904510252046
202,202,20,0.4999999999999994
203,203,19,0.7071067811865475
204,204,17,0.9659258262890684
205,205,17,0.9659258262890684
206,206,15,0.9659258262890684
207,207,14,0.866025403784439
208,208,13,0.7071067811865479
209,209,12,0.5000000000000008
210,210,10,6.106226635438361e-16
211,211,8,-0.4999999999999997
212,212,7,-0.707106781186547
213,213,4,-1.0
214,214,3,-0.9659258262890684
215,215,1,-0.7071067811865479
216,216,0,-0.5000000000000004
217,217,23,-0.25881904510252135
218,218,21,0.25881904510252046
219,219,20,0.4999999999999994
220,220,18,0.8660254037844385
221,221,17,0.9659258262890684
222,222,16,1.0
223,223,15,0.9659258262890684
224,224,14,0.866025403784439
225,225,13,0.7071067811865479
226,226,12,0.5000000000000008
227,227,9,-0.2588190451025203
228,228,7,-0.707106781186547
229,229,5,-0.9659258262890681
230,230,4,-1.0
231,231,2,-0.8660254037844388
232,232,1,-0.7071067811865479
233,233,0,-0.5000000000000004
234,234,22,0.0
235,235,21,0.25881904510252046
236,236,20,0.4999999999999994
237,237,19,0.7071067811865475
238,238,18,0.8660254037844385
239,239,17,0.9659258262890684
240,240,15,0.9659258262890684
241,241,14,0.866025403784439
242,242,13,0.7071067811865479
243,243,12,0.5000000000000008
244,244,10,6.106226635438361e-16
245,245,8,-0.4999999999999997
246,246,5,-0.9659258262890681
247,247,4,-1.0
248,248,3,-0.9659258262890684
249,249,2,-0.8660254037844388
250,250,1,-0.7071067811865479
251,251,23,-0.25881904510252135
252,252,22,0.0
253,253,21,0.25881904510252046
254,254,19,0.7071067811865475
255,255,18,0.8660254037844385
256,256,17,0.9659258262890684
257,257,16,1.0
258,258,15,0.9659258262890684
259,259,13,0.7071067811865479
260,260,13,0.7071067811865479
261,261,11,0.258819045102521
262,262,8,-0.4999999999999997
263,263,7,-0.707106781186547
264,264,4,-1.0
265,265,2,-0.8660254037844388
266,266,1,-0.7071067811865479
267,267,0,-0.5000000000000004
268,268,23,-0.25881904510252135
269,269,22,0.0
270,270,21,0.25881904510252046
271,271,19,0.7071067811865475
272,272,18,0.8660254037844385
273,273,17,0.9659258262890684
274,274,16,1.0
275,275,15,0.9659258262890684
276,276,14,0.866025403784439
277,277,13,0.7071067811865479
278,278,12,0.5000000000000008
279,279,11,0.258819045102521
280,280,8,-0.4999999999999997
281,281,6,-0.8660254037844383
282,282,4,-1.0
283,283,2,-0.8660254037844388
284,284,1,-0.7071067811865479
285,285,0,-0.5000000000000004
286,286,22,0.0
287,287,20,0.4999999999999994
288,288,18,0.8660254037844385
289,289,17,0.9659258262890684
290,290,15,0.9659258262890684
291,291,14,0.866025403784439
292,292,13,0.7071067811865479
293,293,10,6.106226635438361e-16
294,294,9,-0.2588190451025203
295,295,7,-0.707106781186547
296,296,4,-1.0
297,297,2,-0.8660254037844388
298,298,0,-0.5000000000000004
299,299,23,-0.25881904510252135
300,300,21,0.25881904510252046
301,301,19,0.7071067811865475
302,302,18,0.8660254037844385
303,303,17,0.9659258262890684
304,304,15,0.9659258262890684
305,305,14,0.866025403784439
306,306,12,0.5000000000000008
307,307,10,6.106226635438361e-16
308,308,8,-0.4999999999999997
309,309,6,-0.8660254037844383
310,310,3,-0.9659258262890684
311,311,2,-0.8660254037844388
312,312,1,-0.7071067811865479
313,313,23,-0.25881904510252135
314,314,22,0.0
315,315,20,0.4999999999999994
316,316,18,0.8660254037844385
317,317,17,0.9659258262890684
318,318,16,1.0
319,319,15,0.9659258262890684
320,320,14,0.866025403784439
321,321,13,0.7071067811865479
322,322,12,0.5000000000000008
323,323,10,6.106226635438361e-16
324,324,5,-0.9659258262890681
325,325,4,-1.0
326,326,3,-0.9659258262890684
327,327,1,-0.7071067811865479
328,328,0,-0.5000000000000004
329,329,23,-0.25881904510252135
330,330,21,0.25881904510252046
331,331,20,0.4999999999999994
332,332,19,0.7071067811865475
333,333,18,0.8660254037844385
334,334,17,0.9659258262890684
335,335,16,1.0
336,336,15,0.9659258262890684
337,337,14,0.866025403784439
338,338,13,0.7071067811865479
339,339,12,0.5000000000000008
340,340,11,0.258819045102521
341,341,8,-0.4999999999999997
342,342,7,-0.707106781186547
343,343,4,-1.0
344,344,3,-0.9659258262890684
345,345,2,-0.8660254037844388
346,346,1,-0.7071067811865479
347,347,0,-0.5000000000000004
348,348,23,-0.25881904510252135
349,349,22,0.0
350,350,20,0.4999999999999994
351,351,19,0.7071067811865475
352,352,18,0.8660254037844385
353,353,17,0.9659258262890684
354,354,16,1.0
355,355,15,0.9659258262890684
356,356,14,0.866025403784439
357,357,13,0.7071067811865479
358,358,11,0.258819045102521
359,359,10,6.106226635438361e-16
360,360,7,-0.707106781186547
361,361,5,-0.9659258262890681
362,362,3,-0.9659258262890684
363,363,1,-0.7071067811865479
364,364,0,-0.5000000000000004
365,365,23,-0.25881904510252135
366,366,21,0.25881904510252046
367,367,20,0.4999999999999994
368,368,19,0.7071067811865475
369,369,17,0.9659258262890684
370,370,16,1.0
371,371,15,0.9659258262890684
372,372,13,0.7071067811865479
373,373,12,0.5000000000000008
374,374,9,-0.2588190451025203
375,375,8,-0.4999999999999997
376,376,5,-0.9659258262890681
377,377,3,-0.9659258262890684
378,378,2,-0.8660254037844388
379,379,1,-0.7071067811865479
380,380,0,-0.5000000000000004
381,381,22,0.0
382,382,20,0.4999999999999994
383,383,19,0.7071067811865475
384,384,17,0.9659258262890684
385,385,16,1.0
386,386,15,0.9659258262890684
387,387,13,0.7071067811865479
388,388,11,0.258819045102521
389,389,9,-0.2588190451025203
390,390,6,-0.8660254037844383
391,391,4,-1.0
392,392,3,-0.9659258262890684
393,393,1,-0.7071067811865479
394,394,23,-0.25881904510252135
395,395,22,0.0
396,396,20,0.4999999999999994
397,397,18,0.8660254037844385
398,398,17,0.9659258262890684
399,399,15,0.9659258262890684
400,400,14,0.866025403784439
401,401,13,0.7071067811865479
402,402,11,0.258819045102521
403,403,9,-0.2588190451025203
404,404,7,-0.707106781186547
405,405,6,-0.8660254037844383
406,406,3,-0.9659258262890684
407,407,1,-0.7071067811865479
408,408,0,-0.5000000000000004
409,409,22,0.0
410,410,21,0.25881904510252046
411,411,19,0.7071067811865475
412,412,17,0.9659258262890684
413,413,16,1.0
414,414,15,0.9659258262890684
415,415,14,0.866025403784439
416,416,13,0.7071067811865479
417,417,11,0.258819045102521
418,418,8,-0.4999999999999997
419,419,7,-0.707106781186547
420,420,4,-1.0
421,421,3,-0.9659258262890684
422,422,1,-0.7071067811865479
423,423,0,-0.5000000000000004
424,424,23,-0.25881904510252135
425,425,21,0.25881904510252046
426,426,20,0.4999999999999994
427,427,18,0.8660254037844385
428,428,17,0.9659258262890684
429,429,16,1.0
430,430,15,0.9659258262890684
431,431,14,0.866025403784439
432,432,13,0.7071067811865479
433,433,12,0.5000000000000008
434,434,9,-0.2588190451025203
435,435,7,-0.707106781186547
436,436,5,-0.9659258262890681
437,437,3,-0.9659258262890684
438,438,2,-0.8660254037844388
439,439,1,-0.7071067811865479
440,440,0,-0.5000000000000004
441,441,22,0.0
442,442,22,0.0
443,443,20,0.4999999999999994
444,444,19,0.7071067811865475
445,445,18,0.8660254037844385
446,446,17,0.9659258262890684
447,447,16,1.0
448,448,15,0.9659258262890684
449,449,14,0.866025403784439
450,450,13,0.7071067811865479
451,451,11,0.258819045102521
452,452,9,-0.2588190451025203
453,453,6,-0.8660254037844383
454,454,4,-1.0
455,455,3,-0.9659258262890684
456,456,2,-0.8660254037844388
457,457,1,-0.7071067811865479
458,458,23,-0.25881904510252135
459,459,22,0.0
460,460,21,0.25881904510252046
461,461,20,0.4999999999999994
462,462,19,0.7071067811865475
463,463,18,0.8660254037844385
464,464,17,0.9659258262890684
465,465,16,1.0
466,466,15,0.9659258262890684
467,467,14,0.866025403784439
468,468,13,0.7071067811865479
469,469,12,0.5000000000000008
470,470,11,0.258819045102521
471,471,8,-0.4999999999999997
472,472,7,-0.707106781186547
473,473,5,-0.9659258262890681
474,474,4,-1.0
475,475,3,-0.9659258262890684
476,476,2,-0.8660254037844388
477,477,1,-0.7071067811865479
478,478,0,-0.5000000000000004
479,479,22,0.0
480,480,21,0.25881904510252046
481,481,20,0.4999999999999994
482,482,19,0.7071067811865475
483,483,18,0.8660254037844385
484,484,16,1.0
485,485,15,0.9659258262890684
486,486,13,0.7071067811865479
487,487,12,0.5000000000000008
488,488,10,6.106226635438361e-16
489,489,8,-0.4999999999999997
490,490,5,-0.9659258262890681
491,491,4,-1.0
492,492,3,-0.9659258262890684
493,493,2,-0.8660254037844388
494,494,0,-0.5000000000000004
495,495,23,-0.25881904510252135
496,496,22,0.0
497,497,20,0.4999999999999994
498,498,19,0.7071067811865475
499,499,16,1.0
500,500,15,0.9659258262890684
501,501,14,0.866025403784439
502,502,13,0.7071067811865479
503,503,10,6.106226635438361e-16
504,504,6,-0.8660254037844383
505,505,4,-1.0
506,506,3,-0.9659258262890684
507,507,1,-0.7071067811865479
508,508,0,-0.5000000000000004
509,509,23,-0.25881904510252135
510,510,21,0.25881904510252046
511,511,20,0.4999999999999994
512,512,18,0.8660254037844385
513,513,17,0.9659258262890684
514,514,15,0.9659258262890684
515,515,14,0.866025403784439
516,516,13,0.7071067811865479
517,517,12,0.5000000000000008
518,518,9,-0.2588190451025203
519,519,6,-0.8660254037844383
520,520,4,-1.0
521,521,2,-0.8660254037844388
522,522,1,-0.7071067811865479
523,523,23,-0.25881904510252135
524,524,22,0.0
525,525,20,0.4999999999999994
526,526,18,0.8660254037844385
527,527,17,0.9659258262890684
528,528,16,1.0
529,529,15,0.9659258262890684
530,530,13,0.7071067811865479
531,531,12,0.5000000000000008
532,532,9,-0.2588190451025203
533,533,7,-0.707106781186547
534,534,4,-1.0
535,535,3,-0.9659258262890684
536,536,1,-0.7071067811865479
537,537,23,-0.25881904510252135
538,538,21,0.25881904510252046
539,539,20,0.4999999999999994
540,540,19,0.7071067811865475
541,541,17,0.9659258262890684
542,542,16,1.0
543,543,14,0.866025403784439
544,544,13,0.7071067811865479
545,545,10,6.106226635438361e-16
546,546,8,-0.4999999999999997
547,547,5,-0.9659258262890681
548,548,4,-1.0
549,549,3,-0.9659258262890684
550,550,1,-0.7071067811865479
551,551,0,-0.5000000000000004
552,552,23,-0.25881904510252135
553,553,21,0.25881904510252046
554,554,20,0.4999999999999994
555,555,19,0.7071067811865475
556,556,18,0.8660254037844385
557,557,17,0.9659258262890684
558,558,16,1.0
559,559,15,0.9659258262890684
560,560,13,0.7071067811865479
561,561,12,0.5000000000000008
562,562,9,-0.2588190451025203
563,563,6,-0.8660254037844383
564,564,5,-0.9659258262890681
565,565,3,-0.9659258262890684
566,566,2,-0.8660254037844388
567,567,0,-0.5000000000000004
568,568,23,-0.25881904510252135
569,569,22,0.0
570,570,20,0.4999999999999994
571,571,19,0.7071067811865475
572,572,18,0.8660254037844385
573,573,17,0.9659258262890684
574,574,16,1.0
575,575,14,0.866025403784439
576,576,13,0.7071067811865479
577,577,11,0.258819045102521
578,578,7,-0.707106781186547
579,579,6,-0.8660254037844383
580,580,4,-1.0
581,581,3,-0.9659258262890684
582,582,2,-0.8660254037844388
583,583,0,-0.5000000000000004
584,584,22,0.0
585,585,21,0.25881904510252046
586,586,20,0.4999999999999994
587,587,19,0.7071067811865475
588,588,18,0.8660254037844385
589,589,17,0.9659258262890684
590,590,16,1.0
591,591,14,0.866025403784439
592,592,13,0.7071067811865479
593,593,12,0.5000000000000008
594,594,10,6.106226635438361e-16
595,595,6,-0.8660254037844383
596,596,4,-1.0
597,597,3,-0.9659258262890684
598,598,1,-0.7071067811865479
599,599,0,-0.5000000000000004
600,600,23,-0.25881904510252135
601,601,22,0.0
602,602,20,0.4999999999999994
603,603,19,0.7071067811865475
604,604,18,0.8660254037844385
605,605,17,0.9659258262890684
606,606,15,0.9659258262890684
607,607,14,0.866025403784439
608,608,13,0.7071067811865479
609,609,12,0.5000000000000008
610,610,10,6.106226635438361e-16
611,611,6,-0.8660254037844383
612,612,5,-0.9659258262890681
613,613,3,-0.9659258262890684
614,614,2,-0.8660254037844388
615,615,1,-0.7071067811865479
616,616,0,-0.5000000000000004
617,617,23,-0.25881904510252135
618,618,22,0.0
619,619,20,0.4999999999999994
620,620,19,0.7071067811865475
621,621,18,0.8660254037844385
622,622,17,0.9659258262890684
623,623,16,1.0
624,624,15,0.9659258262890684
625,625,14,0.866025403784439
626,626,13,0.7071067811865479
627,627,12,0.5000000000000008
628,628,10,6.106226635438361e-16
629,629,7,-0.707106781186547
630,630,5,-0.9659258262890681
631,631,4,-1.0
632,632,3,-0.9659258262890684
633,633,2,-0.8660254037844388
634,634,1,-0.7071067811865479
635,635,23,-0.25881904510252135
636,636,22,0.0
637,637,21,0.25881904510252046
638,638,20,0.4999999999999994
639,639,19,0.7071067811865475
640,640,18,0.8660254037844385
641,641,18,0.8660254037844385
642,642,17,0.9659258262890684
643,643,16,1.0
644,644,15,0.9659258262890684
645,645,14,0.866025403784439
646,646,13,0.7071067811865479
647,647,12,0.5000000000000008
648,648,10,6.106226635438361e-16
649,649,7,-0.707106781186547
650,650,5,-0.9659258262890681
651,651,3,-0.9659258262890684
652,652,2,-0.8660254037844388
653,653,1,-0.7071067811865479
654,654,0,-0.5000000000000004
655,655,22,0.0
656,656,21,0.25881904510252046
657,657,20,0.4999999999999994
658,658,19,0.7071067811865475
659,659,18,0.8660254037844385
660,660,17,0.9659258262890684
661,661,16,1.0
662,662,15,0.9659258262890684
663,663,14,0.866025403784439
664,664,13,0.7071067811865479
665,665,12,0.5000000000000008
666,666,8,-0.4999999999999997
667,667,7,-0.707106781186547
668,668,5,-0.9659258262890681
669,669,3,-0.9659258262890684
670,670,2,-0.8660254037844388
671,671,1,-0.7071067811865479
672,672,23,-0.25881904510252135
673,673,22,0.0
674,674,21,0.25881904510252046
675,675,20,0.4999999999999994
676,676,18,0.8660254037844385
677,677,17,0.9659258262890684
678,678,16,1.0
679,679,15,0.9659258262890684
680,680,14,0.866025403784439
681,681,14,0.866025403784439
682,682,12,0.5000000000000008
683,683,10,6.106226635438361e-16
684,684,7,-0.707106781186547
685,685,6,-0.8660254037844383
686,686,5,-0.9659258262890681
687,687,3,-0.9659258262890684
688,688,2,-0.8660254037844388
689,689,1,-0.7071067811865479
690,690,0,-0.5000000000000004
691,691,23,-0.25881904510252135
692,692,22,0.0
693,693,21,0.25881904510252046
694,694,20,0.4999999999999994
695,695,19,0.7071067811865475
696,696,17,0.9659258262890684
697,697,16,1.0
698,698,15,0.9659258262890684
699,699,14,0.866025403784439
700,700,13,0.7071067811865479
701,701,12,0.5000000000000008
702,702,8,-0.4999999999999997
703,703,6,-0.8660254037844383
704,704,4,-1.0
705,705,3,-0.9659258262890684
706,706,2,-0.8660254037844388
707,707,1,-0.7071067811865479
708,708,0,-0.5000000000000004
709,709,23,-0.25881904510252135
710,710,22,0.0
711,711,21,0.25881904510252046
712,712,19,0.7071067811865475
713,713,18,0.8660254037844385
714,714,17,0.9659258262890684
715,715,16,1.0
716,716,14,0.866025403784439
717,717,13,0.7071067811865479
718,718,12,0.5000000000000008
719,719,8,-0.4999999999999997
720,720,6,-0.8660254037844383
721,721,4,-1.0
722,722,3,-0.9659258262890684
723,723,2,-0.8660254037844388
724,724,1,-0.7071067811865479
725,725,23,-0.25881904510252135
726,726,22,0.0
727,727,20,0.4999999999999994
728,728,19,0.7071067811865475
729,729,18,0.8660254037844385
730,730,16,1.0
731,731,15,0.9659258262890684
732,732,13,0.7071067811865479
733,733,10,6.106226635438361e-16
734,734,7,-0.707106781186547
735,735,4,-1.0
736,736,3,-0.9659258262890684
737,737,1,-0.7071067811865479
738,738,0,-0.5000000000000004
739,739,23,-0.25881904510252135
740,740,21,0.25881904510252046
741,741,20,0.4999999999999994
742,742,18,0.8660254037844385
743,743,17,0.9659258262890684
744,744,16,1.0
745,745,15,0.9659258262890684
746,746,13,0.7071067811865479
747,747,11,0.258819045102521
748,748,7,-0.707106781186547
749,749,5,-0.9659258262890681
750,750,3,-0.9659258262890684
751,751,2,-0.8660254037844388
752,752,0,-0.5000000000000004
753,753,22,0.0
754,754,20,0.4999999999999994
755,755,19,0.7071067811865475
756,756,18,0.8660254037844385
757,757,16,1.0
758,758,15,0.9659258262890684
759,759,14,0.866025403784439
760,760,13,0.7071067811865479
761,761,11,0.258819045102521
762,762,7,-0.707106781186547
763,763,5,-0.9659258262890681
764,764,3,-0.9659258262890684
765,765,2,-0.8660254037844388
766,766,0,-0.5000000000000004
767,767,22,0.0
768,768,21,0.25881904510252046
769,769,19,0.7071067811865475
770,770,18,0.8660254037844385
771,771,17,0.9659258262890684
772,772,15,0.9659258262890684
773,773,14,0.866025403784439
774,774,13,0.7071067811865479
775,775,10,6.106226635438361e-16
776,776,6,-0.8660254037844383
777,777,4,-1.0
778,778,3,-0.9659258262890684
779,779,1,-0.7071067811865479
780,780,0,-0.5000000000000004
781,781,23,-0.25881904510252135
782,782,22,0.0
783,783,21,0.25881904510252046
784,784,19,0.7071067811865475
785,785,18,0.8660254037844385
786,786,17,0.9659258262890684
787,787,16,1.0
788,788,15,0.9659258262890684
789,789,14,0.866025403784439
790,790,12,0.5000000000000008
791,791,8,-0.4999999999999997
792,792,6,-0.8660254037844383
793,793,4,-1.0
794,794,3,-0.9659258262890684
795,795,2,-0.8660254037844388
796,796,0,-0.5000000000000004
797,797,23,-0.25881904510252135
798,798,22,0.0
799,799,21,0.25881904510252046
800,800,19,0.7071067811865475
801,801,18,0.8660254037844385
802,802,17,0.9659258262890684
803,803,16,1.0
804,804,15,0.9659258262890684
805,805,14,0.866025403784439
806,806,13,0.7071067811865479
807,807,10,6.106226635438361e-16
808,808,7,-0.707106781186547
809,809,5,-0.9659258262890681
810,810,4,-1.0
811,811,3,-0.9659258262890684
812,812,2,-0.8660254037844388
813,813,1,-0.7071067811865479
814,814,0,-0.5000000000000004
815,815,22,0.0
816,816,21,0.25881904510252046
817,817,20,0.4999999999999994
818,818,19,0.7071067811865475
819,819,17,0.9659258262890684
820,820,16,1.0
821,821,15,0.9659258262890684
822,822,14,0.866025403784439
823,823,13,0.7071067811865479
824,824,12,0.5000000000000008
825,825,7,-0.707106781186547
826,826,5,-0.9659258262890681
827,827,4,-1.0
828,828,3,-0.9659258262890684
829,829,2,-0.8660254037844388
830,830,0,-0.5000000000000004
831,831,23,-0.25881904510252135
832,832,22,0.0
833,833,21,0.25881904510252046
834,834,20,0.4999999999999994
835,835,18,0.8660254037844385
836,836,17,0.9659258262890684
837,837,16,1.0
838,838,15,0.9659258262890684
839,839,14,0.866025403784439
840,840,12,0.5000000000000008
841,841,9,-0.2588190451025203
842,842,6,-0.8660254037844383
843,843,5,-0.9659258262890681
844,844,3,-0.9659258262890684
845,845,2,-0.8660254037844388
846,846,1,-0.7071067811865479
847,847,0,-0.5000000000000004
848,848,23,-0.25881904510252135
849,849,21,0.25881904510252046
850,850,20,0.4999999999999994
851,851,19,0.7071067811865475
852,852,18,0.8660254037844385
853,853,17,0.9659258262890684
854,854,16,1.0
855,855,15,0.9659258262890684
856,856,14,0.866025403784439
857,857,13,0.7071067811865479
858,858,11,0.258819045102521
859,859,7,-0.707106781186547
860,860,5,-0.9659258262890681
861,861,4,-1.0
862,862,3,-0.9659258262890684
863,863,2,-0.8660254037844388
864,864,0,-0.5000000000000004
865,865,23,-0.25881904510252135
866,866,22,0.0
867,867,21,0.25881904510252046
868,868,20,0.4999999999999994
869,869,19,0.7071067811865475
870,870,17,0.9659258262890684
871,871,17,0.9659258262890684
872,872,16,1.0
873,873,15,0.9659258262890684
874,874,14,0.866025403784439
875,875,13,0.7071067811865479
876,876,11,0.258819045102521
877,877,10,6.106226635438361e-16
878,878,7,-0.707106781186547
879,879,5,-0.9659258262890681
880,880,4,-1.0
881,881,3,-0.9659258262890684
882,882,2,-0.8660254037844388
883,883,1,-0.7071067811865479
884,884,0,-0.5000000000000004
885,885,23,-0.25881904510252135
886,886,22,0.0
887,887,21,0.25881904510252046
888,888,20,0.4999999999999994
889,889,19,0.7071067811865475
890,890,19,0.7071067811865475
891,891,18,0.8660254037844385
892,892,17,0.9659258262890684
893,893,16,1.0
894,894,15,0.9659258262890684
895,895,15,0.9659258262890684
896,896,14,0.866025403784439
897,897,13,0.7071067811865479
898,898,12,0.5000000000000008
899,899,11,0.258819045102521
900,900,9,-0.2588190451025203
901,901,7,-0.707106781186547
902,902,6,-0.8660254037844383
903,903,5,-0.9659258262890681
904,904,4,-1.0
905,905,3,-0.9659258262890684
906,906,2,-0.8660254037844388
907,907,1,-0.7071067811865479
908,908,1,-0.7071067811865479
909,909,0,-0.5000000000000004
910,910,0,-0.5000000000000004
911,911,23,-0.25881904510252135
912,912,22,0.0
913,913,21,0.25881904510252046
914,914,21,0.25881904510252046
915,915,20,0.4999999999999994
916,916,19,0.7071067811865475
917,917,18,0.8660254037844385
918,918,17,0.9659258262890684
919,919,17,0.9659258262890684
920,920,16,1.0
921,921,15,0.9659258262890684
922,922,15,0.9659258262890684
923,923,14,0.866025403784439
924,924,13,0.7071067811865479
925,925,12,0.5000000000000008
926,926,10,6.106226635438361e-16
927,927,7,-0.707106781186547
928,928,6,-0.8660254037844383
929,929,5,-0.9659258262890681
930,930,4,-1.0
931,931,3,-0.9659258262890684
932,932,2,-0.8660254037844388
933,933,1,-0.7071067811865479
934,934,0,-0.5000000000000004
935,935,23,-0.25881904510252135
936,936,23,-0.25881904510252135
937,937,21,0.25881904510252046
938,938,21,0.25881904510252046
939,939,20,0.4999999999999994
940,940,19,0.7071067811865475
941,941,18,0.8660254037844385
942,942,17,0.9659258262890684
943,943,16,1.0
944,944,16,1.0
945,945,15,0.9659258262890684
946,946,14,0.866025403784439
947,947,13,0.7071067811865479
948,948,12,0.5000000000000008
949,949,10,6.106226635438361e-16
950,950,8,-0.4999999999999997
951,951,6,-0.8660254037844383
952,952,5,-0.9659258262890681
953,953,4,-1.0
954,954,3,-0.9659258262890684
955,955,2,-0.8660254037844388
956,956,1,-0.7071067811865479
957,957,0,-0.5000000000000004
958,958,23,-0.25881904510252135
959,959,22,0.0
960,960,21,0.25881904510252046
961,961,20,0.4999999999999994
962,962,20,0.4999999999999994
963,963,19,0.7071067811865475
964,964,18,0.8660254037844385
965,965,17,0.9659258262890684
966,966,16,1.0
967,967,15,0.9659258262890684
968,968,14,0.866025403784439
969,969,14,0.866025403784439
970,970,12,0.5000000000000008
971,971,11,0.258819045102521
972,972,9,-0.2588190451025203
973,973,7,-0.707106781186547
974,974,6,-0.8660254037844383
975,975,5,-0.9659258262890681
976,976,4,-1.0
977,977,3,-0.9659258262890684
978,978,1,-0.7071067811865479
979,979,1,-0.7071067811865479
980,980,0,-0.5000000000000004
981,981,22,0.0
982,982,21,0.25881904510252046
983,983,20,0.4999999999999994
984,984,19,0.7071067811865475
985,985,19,0.7071067811865475
986,986,18,0.8660254037844385
987,987,16,1.0
988,988,16,1.0
989,989,15,0.9659258262890684
990,990,14,0.866025403784439
991,991,13,0.7071067811865479
992,992,11,0.258819045102521
993,993,8,-0.4999999999999997
994,994,5,-0.9659258262890681
995,995,4,-1.0
996,996,3,-0.9659258262890684
997,997,2,-0.8660254037844388
998,998,0,-0.5000000000000004
999,999,23,-0.25881904510252135
1000,1000,22,0.0
1001,1001,21,0.25881904510252046
1002,1002,19,0.7071067811865475
1003,1003,19,0.7071067811865475
1004,1004,18,0.8660254037844385
1005,1005,16,1.0
1006,1006,16,1.0
1007,1007,15,0.9659258262890684
1008,1008,14,0.866025403784439
1009,1009,12,0.5000000000000008
1010,1010,9,-0.2588190451025203
1011,1011,7,-0.707106781186547
1012,1012,6,-0.8660254037844383
1013,1013,4,-1.0
1014,1014,3,-0.9659258262890684
1015,1015,2,-0.8660254037844388
1016,1016,1,-0.7071067811865479
1017,1017,0,-0.5000000000000004
1018,1018,23,-0.25881904510252135
1019,1019,22,0.0
1020,1020,21,0.25881904510252046
1021,1021,20,0.4999999999999994
1022,1022,19,0.7071067811865475
1023,1023,18,0.8660254037844385
1024,1024,17,0.9659258262890684
1025,1025,17,0.9659258262890684
1026,1026,16,1.0
1027,1027,15,0.9659258262890684
1028,1028,14,0.866025403784439
1029,1029,13,0.7071067811865479
1030,1030,11,0.258819045102521
1031,1031,8,-0.4999999999999997
1032,1032,6,-0.8660254037844383
1033,1033,5,-0.9659258262890681
1034,1034,4,-1.0
1035,1035,3,-0.9659258262890684
1036,1036,2,-0.8660254037844388
1037,1037,1,-0.7071067811865479
1038,1038,0,-0.5000000000000004
1039,1039,23,-0.25881904510252135
1040,1040,22,0.0
1041,1041,21,0.25881904510252046
1042,1042,20,0.4999999999999994
1043,1043,19,0.7071067811865475
1044,1044,18,0.8660254037844385
1045,1045,17,0.9659258262890684
1046,1046,16,1.0
1047,1047,16,1.0
1048,1048,15,0.9659258262890684
